Currency,Date,Closing Price (USD),24h Open (USD),24h High (USD),24h Low (USD)
EOS,2018-06-05,14.1296423914,13.6818299066,14.2654454067,12.8394469065
EOS,2018-06-11,11.3195404671,10.5800670595,11.366507483,10.5061008924
EOS,2018-06-12,10.0191424566,11.4220640065,11.4267163211,9.9554994097
EOS,2018-06-13,10.1828424501,10.0191400489,10.3054245438,9.14666134
EOS,2018-06-14,11.1070565515,10.0415404363,11.4778048556,9.6945299007
EOS,2018-06-15,10.4685496041,11.2317445189,11.2358019119,10.4567150599
EOS,2018-06-16,10.6614521025,10.4686547661,10.8089138633,10.2085536781
EOS,2018-06-17,10.3995413647,10.5478161193,10.7096951723,10.3804238865
EOS,2018-06-18,10.6016196764,10.320061573,10.7883429245,10.129082865
EOS,2018-06-19,10.6530757836,10.6051607382,10.8261788361,10.4227047194
EOS,2018-06-20,10.5764079171,10.6912338331,10.6992101618,10.3009070487
EOS,2018-06-21,10.3816245878,10.597208533,10.6719671419,10.3259322405
EOS,2018-06-22,9.7921428075,10.3779813252,10.6764455334,9.5757697428
EOS,2018-06-23,9.2366388183,9.6846255966,9.797501232,8.1788974004
EOS,2018-06-24,8.9557271525,9.2363527395,9.2672792585,7.1753773396
EOS,2018-06-25,8.1425425851,8.8769380253,8.9171612624,7.8178440019
EOS,2018-06-26,7.623089346,8.1417475038,8.2091998447,7.5946746476
EOS,2018-06-27,8.0071384946,7.6229930979,8.2498097502,7.2971516895
EOS,2018-06-28,7.4795255445,8.0075714717,8.1473094167,7.4243879487
EOS,2018-06-29,7.8539017855,7.4960373246,7.8983984091,7.0954863194
EOS,2018-06-30,8.0449920749,7.8562612,8.2908316249,7.7350440709
EOS,2018-07-01,8.1499225271,8.1310676424,8.2517457144,7.7712717897
EOS,2018-07-02,9.0039545802,8.1504095587,9.10725719,7.9075483316
EOS,2018-07-03,8.7728790475,8.9984242456,9.4231375948,8.748477174
EOS,2018-07-04,8.8512748867,8.8037364279,9.3700959189,8.4842239732
EOS,2018-07-05,8.8006468795,8.8509988616,9.1730099806,8.6469739756
EOS,2018-07-07,8.5189449447,8.623561357,8.6957145498,8.3781837669
EOS,2018-07-08,8.7803070988,8.5195636,8.9712411016,8.4952812907
EOS,2018-07-09,8.1228483402,8.7803507156,8.7806688823,8.0190017727
EOS,2018-07-10,7.3748997776,8.1244521122,8.1628443175,7.1005579309
EOS,2018-07-11,7.066123335,7.1543638491,7.4046585529,6.7603750184
EOS,2018-07-12,6.6740495278,7.1840468432,7.1846081845,6.5675396872
EOS,2018-07-14,6.9457521914,6.9579292837,7.0917173094,6.7808424792
EOS,2018-07-15,7.3949547119,6.9460977498,7.5199036634,6.8723601501
EOS,2018-07-16,7.9771295929,7.3973059666,8.1563906195,7.2377449268
EOS,2018-07-17,8.8009772149,7.9771321974,8.9418384459,7.8319071998
EOS,2018-07-18,8.6301847794,8.8003917147,9.3303511642,8.4379131126
EOS,2018-07-19,8.4139300531,8.6301580128,8.7645048865,8.1493564147
EOS,2018-07-20,7.9068902062,8.4136819061,8.5170409808,7.7332084875
EOS,2018-07-21,8.1164273556,7.8895681337,8.2405369808,7.6051384467
EOS,2018-07-22,7.8578128208,8.1159615671,8.2617081404,7.7178858714
EOS,2018-07-23,7.9525316127,7.8447147973,8.397575114,7.8062294452
EOS,2018-07-24,8.6015452457,7.9526932445,8.6844209191,7.7181391857
EOS,2018-07-25,8.6990207563,8.5923555141,8.9649995283,8.3477904047
EOS,2018-07-26,8.250567817,8.7015753152,8.859634132,8.2314245021
EOS,2018-07-27,8.5038388029,8.3013294817,8.5113360188,8.0011842594
EOS,2018-07-28,8.2566173922,8.3605633552,8.3991317052,8.1221642129
EOS,2018-07-29,8.2607103691,8.2566967177,8.3811461356,8.1424948571
EOS,2018-07-30,7.8108248732,8.3203291027,8.3451864688,7.4350890779
EOS,2018-07-31,7.2686822306,7.8108975042,7.8270584715,7.1095975931
EOS,2018-08-01,7.1866385205,7.3324557247,7.4000144301,6.8919107909
EOS,2018-08-02,7.0829432075,7.1843581072,7.3306852912,6.9066460166
EOS,2018-08-03,7.1925139865,7.018255997,7.2509128283,6.8663690226
EOS,2018-08-04,7.07538403,7.1926578565,7.3147253954,7.0360591844
EOS,2018-08-05,7.0967273221,7.0736692734,7.1157175953,7.0451266939
EOS,2018-08-06,7.0712780948,7.0967338585,7.1428301684,7.0537017682
EOS,2018-08-07,6.6065805143,7.0713787291,7.1520296137,6.525217998
EOS,2018-08-08,5.7781911636,6.5733558868,6.5734576691,5.706730656
EOS,2018-08-09,5.9712010478,5.7767726548,5.9803171477,5.7458836644
EOS,2018-08-10,5.2202479839,5.9719512317,5.9726338661,5.2016393652
EOS,2018-08-11,5.2147532753,5.1784061604,5.331079035,4.8941106206
EOS,2018-08-12,5.0707258227,5.2147751713,5.2329172361,4.9651098895
EOS,2018-08-13,4.6566497461,5.0707272252,5.1845290135,4.5609128807
EOS,2018-08-14,4.4964266247,4.6562297527,4.7150211304,4.2645435388
EOS,2018-08-15,4.6896412531,4.6625085626,4.9655253452,4.6356135639
EOS,2018-08-16,4.5015845089,4.6896411824,4.8125141343,4.4533473683
EOS,2018-08-17,5.5024874932,4.5086264091,5.5025799215,4.4210977466
EOS,2018-08-18,5.0960981612,5.4922436944,5.6513043807,4.837819517
EOS,2018-08-19,5.3088419727,5.0852650883,5.3881777131,4.9467388932
EOS,2018-08-20,4.784470097,5.3088408328,5.3553281856,4.7557125791
EOS,2018-08-21,4.8838230134,4.6951746948,4.9566865246,4.671523687
EOS,2018-08-22,4.6883312381,4.8830543788,5.3385032107,4.5381458212
EOS,2018-08-23,4.8862601362,4.7193729324,4.9556997719,4.6645077928
EOS,2018-08-24,5.0516773951,4.9007564543,5.1020549453,4.7777661976
EOS,2018-08-25,5.0409076369,5.0428243965,5.067010867,4.9074446298
EOS,2018-08-26,4.9231677498,5.0406516246,5.0655141443,4.8302629674
EOS,2018-08-27,5.2757586181,4.9506795917,5.2757586181,4.9072010907
EOS,2018-08-28,5.9172124925,5.2428302269,5.9790784979,5.2401126014
EOS,2018-08-29,6.2533779522,5.9103455249,6.4713660994,5.789803959
EOS,2018-08-30,6.0442607189,6.1266768907,6.2709471806,5.7616184223
EOS,2018-08-31,6.4247707009,6.0441619217,6.4838875111,5.9307703662
EOS,2018-09-01,6.6417214058,6.4247793567,6.8056891246,6.3707690186
EOS,2018-09-02,6.5259371203,6.6416558241,6.692276341,6.3249468924
EOS,2018-09-03,6.4908943393,6.5260352817,6.7180802639,6.3787727143
EOS,2018-09-04,6.4888930226,6.4644422709,6.6408307589,6.3324670491
EOS,2018-09-05,5.4393116928,6.4803401296,6.5787143098,5.3263092283
EOS,2018-09-06,5.1438761614,5.4393120215,5.4654093317,4.8628298786
EOS,2018-09-07,5.0388431194,5.240093263,5.3398100955,4.946513614
EOS,2018-09-08,4.7207090899,5.0388256914,5.147369807,4.6423311493
EOS,2018-09-09,4.9403966587,4.7512162913,5.1889110512,4.6677145985
EOS,2018-09-10,4.9964047514,4.9393707373,5.1152661199,4.8905896219
EOS,2018-09-11,4.9718429694,4.9966101724,5.0398249862,4.8375709388
EOS,2018-09-12,4.9467227677,4.9695468871,4.9858630313,4.8552162706
EOS,2018-09-13,5.2519884563,4.9425281022,5.2989537872,4.93611744
EOS,2018-09-14,5.1546414151,5.2519896204,5.2844435559,5.0796537933
EOS,2018-09-15,5.1536094884,5.1121557835,5.2104747387,5.1078065105
EOS,2018-09-16,5.158638354,5.1347107404,5.1880761415,5.0844116299
EOS,2018-09-17,4.9262839157,5.1586281361,5.1813763379,4.8388359188
EOS,2018-09-18,5.061629199,4.9259374051,5.1422203886,4.8857290654
EOS,2018-09-19,5.1031637719,5.0337313083,5.1557920254,4.9712350584
EOS,2018-09-20,5.3504230861,5.1120891774,5.3769112635,5.092011765
EOS,2018-09-21,5.5515039473,5.3504230861,5.7360948028,5.326383157
EOS,2018-09-22,5.3792375846,5.5516280083,5.5974008431,5.3579628908
EOS,2018-09-23,5.3777138762,5.3792375847,5.443842987,5.3482825188
EOS,2018-09-24,5.3956552499,5.3776753687,5.804953405,5.2442434989
EOS,2018-09-25,5.286089143,5.3957658053,5.4404660506,5.0124987823
EOS,2018-09-26,5.6250652039,5.2860871758,5.7717566806,5.2583905815
EOS,2018-09-27,5.8048857452,5.6237282822,5.9519857492,5.3528135873
EOS,2018-09-28,5.6026546073,5.8049346067,6.0292643001,5.5416921793
EOS,2018-09-29,5.7049747085,5.602628511,5.8241727341,5.4593650516
EOS,2018-09-30,5.7564286171,5.7044314911,5.9127846584,5.3685679898
EOS,2018-10-01,5.7243251128,5.7569279954,5.7913265745,5.5216492123
EOS,2018-10-02,5.6611850243,5.6235877449,5.7333857563,5.6091409276
EOS,2018-10-03,5.5666664175,5.6705529451,5.6815616564,5.4481755318
EOS,2018-10-04,5.7994825789,5.5666664641,5.8929147362,5.5641367673
EOS,2018-10-05,5.8114551705,5.7995135217,5.896985471,5.6636888005
EOS,2018-10-06,5.7375162429,5.8195664129,5.8487328878,5.678962018
EOS,2018-10-07,5.7266322094,5.7375158652,5.7973712799,5.629376708
EOS,2018-10-08,5.9128432114,5.7610840529,6.0143955155,5.7222880514
EOS,2018-10-09,5.9363109497,5.9128296138,5.976692323,5.8374477455
EOS,2018-10-10,5.9047256891,5.9362921553,5.9518846201,5.8058171526
EOS,2018-10-11,5.2548324358,5.9084473276,5.9109026633,5.186911261
EOS,2018-10-12,5.2100883375,5.2548543157,5.326453604,5.0216279946
EOS,2018-10-13,5.3129817275,5.2101250031,5.3466384324,5.1802402282
EOS,2018-10-14,5.2426208109,5.3074276085,5.3404255041,5.2122451494
EOS,2018-10-15,5.5690644731,5.2130937964,5.9752218774,5.1628879387
EOS,2018-10-16,5.5200559926,5.5716928798,5.6522660488,5.4663089233
EOS,2018-10-17,5.3406733616,5.5200341077,5.5705157767,5.3177131509
EOS,2018-10-18,5.2724988061,5.3374364154,5.3902728736,5.2122694561
EOS,2018-10-19,5.2762575972,5.2724988061,5.3057439424,5.1900600878
EOS,2018-10-20,5.3359877795,5.2791289399,5.3627251368,5.2625518607
EOS,2018-10-21,5.360666477,5.3239964384,5.4755047963,5.3161845587
EOS,2018-10-22,5.3319299538,5.3609496172,5.3990552104,5.314077387
EOS,2018-10-23,5.3454943672,5.330113876,5.386534698,5.2835329988
EOS,2018-10-24,5.310504869,5.3519382721,5.3769321182,5.3083212604
EOS,2018-10-25,5.3168303558,5.3096251475,5.3326054419,5.2790686777
EOS,2018-10-26,5.32412184,5.3168296757,5.3674972987,5.2737580404
EOS,2018-10-27,5.3455880648,5.323802688,5.3544277886,5.3059547149
EOS,2018-10-28,5.3529315982,5.3473924216,5.3538233792,5.329580401
EOS,2018-10-29,5.0749989608,5.3574052467,5.3701886372,4.9936377887
EOS,2018-10-30,5.0933649278,5.0753425872,5.1138999771,5.0553824958
EOS,2018-10-31,5.192147724,5.09398067,5.2740996011,5.0493030735
EOS,2018-11-01,5.2219944118,5.1946994727,5.2300765812,5.1725612203
EOS,2018-11-02,5.3163431975,5.2221702727,5.3520979193,5.2122090981
EOS,2018-11-03,5.2490025708,5.3215417685,5.3236768034,5.2388956502
EOS,2018-11-04,5.4402067662,5.249000387,5.537063556,5.2272728083
EOS,2018-11-05,5.3535839192,5.440929807,5.4768008983,5.3419941768
EOS,2018-11-06,5.6716760005,5.3834321122,5.6942755614,5.372078297
EOS,2018-11-07,5.6557716042,5.6716726081,5.7765620634,5.5771102434
EOS,2018-11-08,5.4901715986,5.6241836136,5.6442756404,5.4796922642
EOS,2018-11-09,5.3879071026,5.4901236103,5.5579388979,5.3769137148
EOS,2018-11-10,5.4441970169,5.4084438875,5.4722897421,5.4010676873
EOS,2018-11-11,5.3602730315,5.4379179616,5.447427832,5.3147661931
EOS,2018-11-12,5.355633441,5.3602733917,5.5154585096,5.3290251147
EOS,2018-11-13,5.1531771198,5.3556363909,5.3623394026,5.0013262359
EOS,2018-11-14,4.4621781582,5.1529641732,5.1872194454,4.3354427989
EOS,2018-11-15,4.5697943411,4.4624250255,4.6360255338,4.2088352409
EOS,2018-11-16,4.4683462011,4.6564787591,4.6961870651,4.4527050356
EOS,2018-11-17,4.5369956929,4.5084929929,4.5523585047,4.4678493986
EOS,2018-11-18,4.5206518374,4.536607682,4.6172889813,4.4916431924
EOS,2018-11-19,3.9837686063,4.5206516328,4.5829221484,3.9196562281
EOS,2018-11-20,3.6160115487,3.9857292937,4.126949025,3.2882758844
EOS,2018-11-21,3.7226517005,3.6579143982,3.8372783949,3.5018858014
EOS,2018-11-22,3.6324722263,3.7211747247,3.8109497704,3.6077103696
EOS,2018-11-23,3.5911815386,3.6360047061,3.6430775971,3.3327938846
EOS,2018-11-24,3.1739875927,3.5921965966,3.6409845652,3.1262878881
EOS,2018-11-25,3.3047341803,3.219381434,3.419891475,2.9661755065
EOS,2018-11-26,3.0712921292,3.3049773535,3.3669058341,3.0048798799
EOS,2018-11-27,2.9953733548,3.0713367886,3.1608873302,2.8059890953
EOS,2018-11-28,3.2324527697,2.9953443657,3.3310220542,2.9594551443
EOS,2018-11-29,2.9756673473,3.2354314742,3.2690988928,2.8855071637
EOS,2018-11-30,2.8465169407,3.007191026,3.0531030087,2.775431323
EOS,2018-12-01,2.9458515827,2.8472357748,3.0033525175,2.8031595855
EOS,2018-12-02,2.8515359026,2.9458515416,3.0012597966,2.8079341769
EOS,2018-12-03,2.6287592984,2.8515368443,2.8745181207,2.5440115005
EOS,2018-12-04,2.4538725552,2.6287787146,2.6422618627,2.3362744973
EOS,2018-12-05,2.1963826349,2.4530861452,2.4577549666,2.1383350737
EOS,2018-12-06,1.8975563256,2.1587471823,2.235801142,1.8924858502
EOS,2018-12-07,1.752061637,1.8977593619,1.9336811788,1.5312592576
EOS,2018-12-08,1.8560763101,1.753701418,1.9319263615,1.6258049582
EOS,2018-12-09,1.9797397401,1.8544102971,2.1050835837,1.7324924808
EOS,2018-12-10,1.9374980387,1.9831898209,2.0502254295,1.8647520935
EOS,2018-12-11,1.8383322183,1.8964088943,1.9167434393,1.7501871974
EOS,2018-12-12,1.9625962534,1.8383946257,2.0336165098,1.8060772474
EOS,2018-12-13,1.8290455396,1.9573061021,1.9723385958,1.803299556
EOS,2018-12-14,1.8319119311,1.8275920232,1.8678278904,1.7495629966
EOS,2018-12-15,1.8925829817,1.8325049757,1.9184266506,1.7775585784
EOS,2018-12-16,1.9065190078,1.8811527743,1.9689619356,1.8726695785
EOS,2018-12-17,2.3569444392,1.9026807391,2.4576135271,1.8968329208
EOS,2018-12-18,2.546250545,2.3570648416,2.6861685423,2.3450906471
EOS,2018-12-19,2.5027393188,2.6302282133,2.7963893529,2.4416567194
EOS,2018-12-20,2.6629512483,2.5024999972,2.7771639837,2.4227698003
EOS,2018-12-21,2.5709092233,2.6627078526,2.8302658037,2.5002536145
EOS,2018-12-22,2.5526847214,2.602737429,2.6344539305,2.477683537
EOS,2018-12-23,2.7998030083,2.5526847212,2.9627515704,2.5510247563
EOS,2018-12-24,2.8410026749,2.8000275161,3.1097456351,2.760701442
EOS,2018-12-25,2.4914407837,2.7679438469,2.7726068922,2.4120115479
EOS,2018-12-26,2.5791811158,2.4912364286,2.6815734278,2.4774633454
EOS,2018-12-27,2.3000144046,2.5792851549,2.6025137382,2.2762663108
EOS,2018-12-28,2.6152186364,2.2989844567,2.6739729153,2.2504669789
EOS,2018-12-31,2.5436881562,2.5364996325,2.5489641381,2.5347048428
EOS,2019-01-01,2.604842833,2.5451980695,2.6434549935,2.5057311083
EOS,2019-01-02,2.8560874734,2.6047374167,2.864756102,2.6023024018
EOS,2019-01-03,2.6674788593,2.8560875126,2.8770753782,2.6191638144
EOS,2019-01-04,2.6922666997,2.6592003591,2.7397372396,2.5986422333
EOS,2019-01-05,2.7032615137,2.6922666416,2.7696633588,2.660906404
EOS,2019-01-06,2.8565867678,2.6826709911,2.8979716669,2.6346193973
EOS,2019-01-07,2.7403253587,2.8506160249,2.8690022468,2.4569348715
EOS,2019-01-08,2.7721292543,2.7403240755,2.8523663193,2.7036997402
EOS,2019-01-09,2.8939710163,2.7631253449,2.9370601697,2.7492928522
EOS,2019-01-10,2.4078107678,2.8938330042,2.959055279,2.3014030898
EOS,2019-01-11,2.360772716,2.4077957031,2.4334434553,2.3166469533
EOS,2019-01-12,2.3846821959,2.3578820181,2.4301921283,2.3468281143
EOS,2019-01-13,2.2215872911,2.3992978748,2.410412175,2.2042670918
EOS,2019-01-14,2.4490769565,2.2215954522,2.4765145256,2.2135465226
EOS,2019-01-15,2.3535737244,2.4490789388,2.4646165219,2.3210488229
EOS,2019-01-16,2.4092914781,2.3535182788,2.4490219685,2.3527738688
EOS,2019-01-17,2.4864665035,2.4115851826,2.496445007,2.3571997586
EOS,2019-01-18,2.4177813796,2.4855727439,2.4985097014,2.3903815732
EOS,2019-01-19,2.4611648676,2.41777701,2.511375546,2.4132236384
EOS,2019-01-20,2.3298312249,2.4506350374,2.4722518309,2.2792078703
EOS,2019-01-21,2.3262762714,2.3298270128,2.3987554805,2.3016878283
EOS,2019-01-22,2.4443666854,2.3267824692,2.4949291818,2.2722008399
EOS,2019-01-23,2.4115798307,2.4288420491,2.4593268183,2.3913704078
EOS,2019-01-24,2.4221720924,2.421098575,2.4472755445,2.3875136765
EOS,2019-01-25,2.4382849854,2.4338823316,2.4574073844,2.3996984824
EOS,2019-01-26,2.4099371171,2.437373961,2.4686161816,2.4003614153
EOS,2019-01-27,2.3568497358,2.4098694414,2.423985387,2.3084082083
EOS,2019-01-28,2.2028244667,2.3583018992,2.3613021109,2.1499489884
EOS,2019-01-29,2.2557338457,2.2239940135,2.2930481457,2.1785234472
EOS,2019-01-30,2.3101596538,2.2557288407,2.3311118313,2.2162784655
EOS,2019-01-31,2.2961026845,2.3082135748,2.3442338604,2.262925412
EOS,2019-02-01,2.3106579871,2.2911965237,2.3277458795,2.2533128372
EOS,2019-02-02,2.311871468,2.3103795245,2.327546207,2.2931504017
EOS,2019-02-03,2.3490042482,2.3118319784,2.4305803021,2.3097518925
EOS,2019-02-04,2.3616565271,2.3412410043,2.39847591,2.33399582
EOS,2019-02-05,2.3587604136,2.3610739625,2.3694745253,2.3286230244
EOS,2019-02-06,2.3163747616,2.3633150838,2.3702499759,2.2740028951
EOS,2019-02-07,2.3171589591,2.316737723,2.341029079,2.2975520846
EOS,2019-02-08,2.6584187614,2.3172111462,2.7620423171,2.3031364093
EOS,2019-02-09,2.7277565007,2.6895574698,2.7983835036,2.643053606
EOS,2019-02-10,2.7302268613,2.7277315383,2.7568605407,2.6281119282
EOS,2019-02-11,2.7350113545,2.7308227594,2.8283325967,2.6812259728
EOS,2019-02-12,2.8830910757,2.7350282791,2.9686109613,2.6804353242
EOS,2019-02-13,2.8125576034,2.9085976101,2.9609618929,2.7772195128
EOS,2019-02-14,2.7260663957,2.8125578238,2.8557130285,2.6851804905
EOS,2019-02-15,2.7430139527,2.7173460847,2.83016885,2.7133895059
EOS,2019-02-16,2.7909865447,2.7429127794,2.8509209514,2.7409256765
EOS,2019-02-17,2.8145894251,2.79086507,2.8802766424,2.7498753065
EOS,2019-02-18,3.3729090895,2.8144800464,3.4345555722,2.8137648717
EOS,2019-02-19,3.5604846718,3.4212692689,3.7417329224,3.3999579202
EOS,2019-02-20,3.7768980445,3.5598936382,3.8849463951,3.4264410788
EOS,2019-02-21,3.6902217865,3.7772821003,3.8748267214,3.6283997413
EOS,2019-02-22,3.8209020053,3.756571398,3.8514392646,3.6908067536
EOS,2019-02-23,4.2059605223,3.8208862321,4.2565162189,3.7496857373
EOS,2019-02-24,3.5905118725,4.2051113496,4.3783605366,3.4262906354
EOS,2019-02-25,3.5136981134,3.5904506333,3.6820802113,3.2695430003
EOS,2019-02-26,3.3680382363,3.5137563796,3.5526222834,3.2915987125
EOS,2019-02-27,3.4178964593,3.4152527183,3.5269202009,3.3167750429
EOS,2019-02-28,3.491531221,3.4175760588,3.6094145752,3.416854651
EOS,2019-03-01,3.5961932729,3.4916580735,3.6580444242,3.4717348118
EOS,2019-03-02,3.4626271523,3.5963452323,3.599000152,3.3958795879
EOS,2019-03-03,3.4945987638,3.4626671045,3.5692834382,3.4608620703
EOS,2019-03-04,3.196830224,3.4946100579,3.5166330732,3.1119489549
EOS,2019-03-05,3.6805162694,3.2199446863,3.7795924811,3.1921587479
EOS,2019-03-06,3.7426696366,3.6769470345,3.860009376,3.567562847
EOS,2019-03-07,3.748405879,3.7424235114,3.8776954298,3.6740802328
EOS,2019-03-08,3.5567597687,3.7483703854,3.7792316766,3.4700125908
EOS,2019-03-09,3.6957982827,3.5696477845,3.7968173372,3.5562221617
EOS,2019-03-10,3.7033264009,3.7277006377,3.7367459126,3.6300444218
EOS,2019-03-11,3.5520609244,3.6771580748,3.7052561458,3.4828392299
EOS,2019-03-12,3.629919785,3.5541825729,3.6708449045,3.409751439
EOS,2019-03-13,3.5379490967,3.6301989258,3.6338483041,3.4666464812
EOS,2019-03-14,3.5398911131,3.5378796297,3.6245944847,3.4692631038
EOS,2019-03-15,3.6399615452,3.5398838515,3.690161044,3.5371176045
EOS,2019-03-16,3.7699809038,3.639962671,3.8242332093,3.639878631
EOS,2019-03-17,3.7287673198,3.7758937082,3.7799673903,3.6989739348
EOS,2019-03-18,3.6900585619,3.7287607812,3.7788518031,3.6553188331
EOS,2019-03-19,3.7058308716,3.6884688495,3.7195680027,3.6505681136
EOS,2019-03-20,3.6990127252,3.7058337803,3.7214161845,3.5152808039
EOS,2019-03-21,3.6096000122,3.6958181043,3.7054944872,3.5248531385
EOS,2019-03-22,3.6156237651,3.6096174949,3.6441489589,3.5597629841
EOS,2019-03-23,3.643361026,3.6006855588,3.6939960455,3.5915647114
EOS,2019-03-24,3.6172944557,3.643361026,3.6521513693,3.5727360862
EOS,2019-03-25,3.6261754944,3.6172944829,3.6555708826,3.5620445357
EOS,2019-03-26,3.6426594905,3.6261754944,3.6507283347,3.5814350403
EOS,2019-03-27,4.2532473657,3.7239136637,4.3122782895,3.6991337717
EOS,2019-03-28,4.2344320085,4.2532479707,4.310189894,4.1615921852
EOS,2019-03-29,4.2823817858,4.2344323921,4.3847398338,4.1936398288
EOS,2019-03-30,4.1518398443,4.2939866906,4.3157804034,3.9895699772
EOS,2019-03-31,4.1925163864,4.1518398443,4.2423137782,4.0821467037
EOS,2019-04-01,4.2134653853,4.1925159151,4.2474065548,4.1351860669
EOS,2019-04-02,4.9865236813,4.2134681652,4.9913373255,4.1587564879
EOS,2019-04-03,5.2961888354,4.9865261947,5.8779584595,4.9382719106
EOS,2019-04-04,5.0359568357,5.2352290843,5.3519189569,4.8565918255
EOS,2019-04-05,5.339037737,5.0365850086,5.3496301674,5.0345518592
EOS,2019-04-06,5.3259298425,5.3300549917,5.6878334388,5.0877989568
EOS,2019-04-07,5.4578557554,5.3259022167,5.514829354,5.2632125671
EOS,2019-04-08,5.5283251034,5.4578557554,5.6544606698,5.2723774373
EOS,2019-04-09,5.5652820423,5.5283221741,5.6567545254,5.3281282815
EOS,2019-04-10,5.778189226,5.5659541152,6.0064004385,5.5451566215
EOS,2019-04-11,5.3507821357,5.8639702784,5.8727151423,5.1392365734
EOS,2019-04-12,5.394373925,5.3371072063,5.4819450797,5.1036513465
EOS,2019-04-13,5.3186057106,5.394373925,5.4267259391,5.2213716886
EOS,2019-04-14,5.5282426964,5.3150478567,5.5727327919,5.245708188
EOS,2019-04-15,5.3562238988,5.5692443077,5.6274475237,5.2547600582
EOS,2019-04-16,5.4794675789,5.3562238988,5.5361248954,5.3054815735
EOS,2019-04-17,5.4386368627,5.4794675789,5.571037737,5.3865269199
EOS,2019-04-18,5.4834078462,5.4402210504,5.5635447223,5.4348592964
EOS,2019-04-19,5.5671523973,5.4888131682,5.6032748832,5.3736381294
EOS,2019-04-20,5.5421444277,5.5671523973,5.6131200974,5.5066744069
EOS,2019-04-21,5.3767792244,5.5421444206,5.5856334503,5.1780776516
EOS,2019-04-22,5.3961318056,5.3903508921,5.4149407631,5.2960989837
EOS,2019-04-23,5.3345959478,5.3961318056,5.4958519127,5.251451951
EOS,2019-04-24,5.0095589642,5.3345695783,5.3440293935,4.8852662941
EOS,2019-04-25,4.7875859601,5.0095589642,5.0894188183,4.7832208503
EOS,2019-04-26,4.8493221358,4.7674990361,5.0104300149,4.6783068085
EOS,2019-04-27,4.8719462655,4.8493219526,4.9264911272,4.8032830789
EOS,2019-04-28,4.8046144022,4.8719462655,4.9102464477,4.7196623318
EOS,2019-04-29,4.5788945019,4.8118262897,4.8239497342,4.5395563938
EOS,2019-04-30,4.8713307132,4.5788950368,4.8773379425,4.5667845176
EOS,2019-05-01,4.8029041064,4.8713307132,4.9173749456,4.7326466048
EOS,2019-05-02,4.863737508,4.8288528286,4.8946666813,4.7340842662
EOS,2019-05-03,5.0905774332,4.863737508,5.1625385596,4.8289826491
EOS,2019-05-04,5.0900645591,5.0765558292,5.1799569294,4.8851611817
EOS,2019-05-05,4.992156725,5.0528422122,5.0783775382,4.9503955778
EOS,2019-05-06,5.0367445469,4.992156725,5.072681085,4.8093140304
EOS,2019-05-07,4.9999851908,4.9811529232,5.1091168961,4.9213586588
EOS,2019-05-08,5.0075720895,4.932465559,5.0153992876,4.8721294444
EOS,2019-05-09,4.9839726884,5.0075867383,5.0831973339,4.9374671758
EOS,2019-05-10,4.9991030913,4.9839727877,5.0965175471,4.7809199451
EOS,2019-05-11,5.6005729748,4.9817392856,5.6143326019,4.9727660541
EOS,2019-05-12,5.4663980916,5.5180262703,5.7452442088,5.3028720571
EOS,2019-05-13,5.6477060009,5.4663980916,5.845032209,5.4174427622
EOS,2019-05-14,6.0731894769,5.6477060832,6.2788646058,5.5663737867
EOS,2019-05-15,6.5818352579,6.2048766394,6.6217920337,6.133814625
EOS,2019-05-16,6.7347369799,6.581835258,7.1191493569,6.514133835
EOS,2019-05-17,6.324490942,6.7347979196,6.9007330451,6.0211903435
EOS,2019-05-18,6.3580247905,6.324490942,6.4931161714,6.2588272837
EOS,2019-05-19,6.7897945443,6.3217066408,6.7898869228,6.3019412357
EOS,2019-05-20,6.2302329676,6.7897981769,6.8416923334,5.9678477096
EOS,2019-05-21,6.3053878549,6.2632325858,6.3980525379,6.1224959514
EOS,2019-05-22,5.9710516257,6.3053721421,6.3751418821,5.8264654134
EOS,2019-05-23,6.0904772312,5.9737493436,6.1323580849,5.7468734416
EOS,2019-05-24,6.4981796141,6.048605859,6.6226746815,5.9921847928
EOS,2019-05-25,6.440291187,6.4382495774,6.5748592795,6.3073249159
EOS,2019-05-26,6.8801980799,6.440299922,6.9988729105,6.237329431
EOS,2019-05-27,7.9139677174,6.8796131176,8.0002068398,6.8754261905
EOS,2019-05-28,8.0751941522,8.0213402278,8.2352002081,7.6762960072
EOS,2019-05-29,8.0874956241,8.0752295141,8.2405696676,7.5414132728
EOS,2019-05-30,7.3566142083,7.9944894788,8.5145292007,5.4523787521
EOS,2019-05-31,8.350426891,7.3562024199,8.3663870725,2.2843634423
EOS,2019-06-01,8.2428537868,8.3514013397,8.6960333896,7.8025452673
EOS,2019-06-02,7.718936162,8.244573844,8.2956823342,4.9807327524
EOS,2019-06-03,6.9570941008,7.7165194577,7.7846732066,5.1259243527
EOS,2019-06-04,6.2318621588,6.6871428987,6.8669759401,2.0021003411
EOS,2019-06-05,6.4208150879,6.2321979873,6.527691698,4.7725674024
EOS,2019-06-06,6.2629860363,6.4307145503,6.5248975953,4.6738887811
EOS,2019-06-07,6.7364444703,6.2626593705,6.8020312697,4.7076443917
EOS,2019-06-08,6.3928448663,6.7364440423,6.7416151462,4.3886925671
EOS,2019-06-09,6.0983490286,6.3654963311,6.499921481,4.4041881473
EOS,2019-06-10,6.3706732589,6.0983632573,6.5133277792,6.0417745898
EOS,2019-06-11,6.323085158,6.4519475465,6.5061446628,1.4850672466
EOS,2019-06-12,6.3932907828,6.3230257536,6.4780257458,4.5709977983
EOS,2019-06-13,6.4745087041,6.4451928532,6.6316482749,4.6139881165
EOS,2019-06-14,6.5529194076,6.4747058398,6.5642227097,4.6556215588
EOS,2019-06-15,6.9071064557,6.5724026949,6.966337027,4.6841978917
EOS,2019-06-16,7.0141436666,6.908694106,7.2282856145,5.0623814703
EOS,2019-06-17,7.1749025419,7.0141113904,7.2507768609,6.8735248941
EOS,2019-06-18,6.7195145459,7.1444252702,7.1654608433,6.5947621078
EOS,2019-06-19,6.8773570757,6.7189673658,6.9649332624,4.4433534942
EOS,2019-06-20,6.8201988909,6.8772062707,6.9185006446,4.2426799043
EOS,2019-06-21,6.9908501149,6.8205297568,7.1371616719,4.8443286553
EOS,2019-06-22,7.3013602213,7.0572779263,7.5817852558,6.9827216253
EOS,2019-06-23,7.312622255,7.3036565427,7.5947470273,7.1146157674
EOS,2019-06-24,7.1727048309,7.3135155692,7.3135155692,4.9736475368
EOS,2019-06-25,7.1835042862,7.1731805769,7.2962496139,6.926757272
EOS,2019-06-26,6.5546004012,7.1856801197,7.3962200135,6.0449381454
EOS,2019-06-27,5.9289588366,6.5539024794,6.7833346488,5.5276752545
EOS,2019-06-28,6.1347638228,5.9281033988,6.2393165929,5.6472590889
EOS,2019-06-29,6.2714156486,6.1915340606,6.3365648401,5.93559434
EOS,2019-06-30,5.7143319801,6.2703857993,6.3808825266,5.6415497963
EOS,2019-07-01,5.8980606098,5.7159512492,5.9717297043,5.5100488962
EOS,2019-07-02,5.880126497,5.898791149,6.1272187535,5.5525609474
EOS,2019-07-03,6.0688664068,5.8684074003,6.1099520842,5.8232728453
EOS,2019-07-04,5.8801624816,6.0685184008,6.0802287834,5.817899891
EOS,2019-07-05,5.7337745774,5.7045704468,5.8853900175,5.6612331491
EOS,2019-07-06,5.7620940652,5.7344002998,5.993163943,5.7059012588
EOS,2019-07-07,5.9384366047,5.7601566601,6.0581108914,5.7373573882
EOS,2019-07-08,5.9706159055,5.9387698825,6.0203377057,5.8419230361
EOS,2019-07-09,5.8774145449,5.9704458099,6.0300050911,5.8497480432
EOS,2019-07-10,5.1968970851,5.8960876876,5.9243465165,5.0230915289
EOS,2019-07-11,4.6933259703,5.1971604234,5.2862550188,4.3878418045
EOS,2019-07-12,4.8074473582,4.6937136071,4.8739203126,4.5936748968
EOS,2019-07-13,4.7190004475,4.8074777645,4.8285182453,4.5680700025
EOS,2019-07-14,4.2194816607,4.756535582,4.7765597766,4.0684416077
EOS,2019-07-15,4.3470671112,4.2176356181,4.4302881907,3.9753939606
EOS,2019-07-16,3.6656926087,4.3469694646,4.3801648429,3.3414995553
EOS,2019-07-17,3.9315798308,3.6668967703,4.1234279654,3.5219876754
EOS,2019-07-18,4.1161425903,3.8381225705,4.2436774909,3.753031444
EOS,2019-07-19,4.0143167771,4.1161333581,4.1589390907,3.8167373673
EOS,2019-07-20,4.4249156638,4.0460944089,4.481055144,4.0029218944
EOS,2019-07-21,4.3186022223,4.4243115883,4.4494157162,4.1599158589
EOS,2019-07-22,4.1105375013,4.3193487736,4.4166522795,3.954505696
EOS,2019-07-23,4.1985802932,4.1105220337,4.2801799754,3.9561675924
EOS,2019-07-24,4.4621618348,4.1513382981,4.6405836957,4.0110204336
EOS,2019-07-25,4.5650878386,4.4605546054,4.709632312,4.4424968335
EOS,2019-07-26,4.5916994212,4.5647539401,4.7118244411,4.4201558157
EOS,2019-07-27,4.2555888006,4.5913742708,4.7647959308,4.1177558683
EOS,2019-07-28,4.1466635282,4.2714049213,4.3353852206,3.8765473421
EOS,2019-07-29,4.1870961904,4.275477348,4.3832538062,4.0967605761
EOS,2019-07-30,4.195235273,4.1871436547,4.2901431654,4.1277146055
EOS,2019-07-31,4.3853175329,4.1952960381,4.410022593,4.1904992365
EOS,2019-08-01,4.3121684015,4.3845153513,4.4480470874,4.2234294727
EOS,2019-08-02,4.1684092762,4.3123372921,4.3486901751,4.0483532672
EOS,2019-08-03,4.2767149842,4.168460397,4.3613447309,4.1596401936
EOS,2019-08-04,4.2297780106,4.2767128243,4.3125644824,4.1789064211
EOS,2019-08-05,4.4972718818,4.2303861498,4.578281105,4.2196479225
EOS,2019-08-06,4.1626503296,4.4976138977,4.4976138977,4.0528515136
EOS,2019-08-07,4.2195596509,4.1632128898,4.2802133102,4.1293290661
EOS,2019-08-08,4.1605985515,4.2194686639,4.2320606565,4.0808127436
EOS,2019-08-09,3.8819886532,4.1608406113,4.19881127,3.7849905516
EOS,2019-08-10,4.0715209908,3.8820295503,4.1281452777,3.8502796934
EOS,2019-08-11,4.1961182727,4.0512918247,4.2497107867,4.0486827527
EOS,2019-08-12,4.1292214829,4.1960696457,4.2076678427,4.076366527
EOS,2019-08-13,4.0633309097,4.1291308595,4.1356483442,3.9558410836
EOS,2019-08-14,3.7055422607,4.0680450789,4.1131799712,3.5619939109
EOS,2019-08-15,3.6482631977,3.7057285841,3.7139557445,3.5061715047
EOS,2019-08-16,3.6063470348,3.6220084692,3.6557411814,3.4761251106
EOS,2019-08-17,3.5706361972,3.6069722009,3.616620067,3.4899101792
EOS,2019-08-18,3.7066774288,3.5615701036,3.7660585646,3.5126098603
EOS,2019-08-19,3.7028973416,3.7067079545,3.7894521239,3.647987697
EOS,2019-08-20,3.7019685145,3.7031731741,3.7324824859,3.6008199178
EOS,2019-08-21,3.4942323008,3.7023681838,3.7054543856,3.3555919467
EOS,2019-08-22,3.6613745048,3.4944728239,3.7107391417,3.449625111
EOS,2019-08-23,3.6661388816,3.6372619681,3.7719879273,3.6024143343
EOS,2019-08-24,3.6690322276,3.674613138,3.6864661643,3.5450318834
EOS,2019-08-25,3.5391093773,3.6689202138,3.6957494026,3.4694516801
EOS,2019-08-26,3.5740246731,3.5520897095,3.6964062051,3.5357741993
EOS,2019-08-27,3.5195730853,3.5735897541,3.5931298799,3.4902126379
EOS,2019-08-28,3.2688635064,3.5461504202,3.5551235795,3.1147163405
EOS,2019-08-29,3.2057221156,3.2688557038,3.27665123,3.0576126089
EOS,2019-08-30,3.215475615,3.2053636928,3.2872280056,3.16104367
EOS,2019-08-31,3.3486885813,3.2146862025,3.4123650351,3.1886317483
EOS,2019-09-01,3.2832622821,3.3486385212,3.3527332276,3.0986630731
EOS,2019-09-02,3.3284315724,3.2834134169,3.3824632553,3.2206643688
EOS,2019-09-03,3.4241622545,3.3279195874,3.464358268,3.3075698353
EOS,2019-09-04,3.3007120711,3.4242031716,3.4249491452,3.271302033
EOS,2019-09-05,3.2548888798,3.3006710944,3.3340634174,3.2044816704
EOS,2019-09-06,3.2000890394,3.2546560039,3.3714309415,3.1095788002
EOS,2019-09-07,3.5866088855,3.1986824513,3.6757970119,3.1926001871
EOS,2019-09-08,3.7422060483,3.56994944,3.8133663357,3.5159866467
EOS,2019-09-09,3.9174228788,3.7427138092,3.9408016918,3.6154915216
EOS,2019-09-10,3.7445884627,3.9168400359,3.9516468282,3.6551458844
EOS,2019-09-11,3.7251336312,3.7723147145,3.8090702319,3.644744073
EOS,2019-09-12,3.7455798144,3.7247812666,3.7878615108,3.6745935389
EOS,2019-09-13,3.7228113031,3.7455766341,3.7530170848,3.6784885047
EOS,2019-09-14,4.0317884537,3.7229570379,4.1080635272,3.6923036592
EOS,2019-09-15,4.06508921,4.0317329091,4.1528739025,4.0140546263
EOS,2019-09-16,4.0956750938,4.0650817769,4.1575476077,3.9455930254
EOS,2019-09-17,4.1788220739,4.0956679936,4.2384427471,4.0271439214
EOS,2019-09-18,4.1165969722,4.178716341,4.178716341,4.0519274852
EOS,2019-09-19,3.9575366108,4.0806973291,4.0899231525,3.8092714779
EOS,2019-09-20,3.9281732117,3.9576240407,3.9874010591,3.830932866
EOS,2019-09-21,4.0033167909,3.9281857817,4.0736803058,3.9261692933
EOS,2019-09-22,3.8171798655,4.0032775711,4.0272780362,3.7374160281
EOS,2019-09-23,3.7223045844,3.8171815833,3.8578662971,3.6587611965
EOS,2019-09-24,2.8643091315,3.7204814748,3.7320819736,2.4520682811
EOS,2019-09-25,2.8549578932,2.7727086652,2.9555508018,2.6946088254
EOS,2019-09-26,2.7857387877,2.8551145077,2.8811433254,2.589000594
EOS,2019-09-27,2.8339217785,2.785921556,2.8891991953,2.692226966
EOS,2019-09-28,2.8273125473,2.8360963055,2.8751607196,2.7791865393
EOS,2019-09-29,2.8022459917,2.8274314384,2.8450179107,2.6819261355
EOS,2019-09-30,2.9331514313,2.782671595,3.0338895313,2.7226036141
EOS,2019-10-01,2.9587939505,2.971780639,3.1185866945,2.8676452209
EOS,2019-10-02,2.9889820666,2.9586599186,3.0415454244,2.895094525
EOS,2019-10-03,2.9261524841,2.988980633,3.022822497,2.8166386467
EOS,2019-10-04,3.0401255833,2.933310069,3.0872775033,2.8755765265
EOS,2019-10-05,2.9905248525,3.0401185676,3.0403854698,2.9277998454
EOS,2019-10-06,2.8997899918,2.9940783375,3.0026161759,2.8501436823
EOS,2019-10-07,3.220076079,2.8999509945,3.2388452388,2.8905615061
EOS,2019-10-08,3.1649155644,3.2213148426,3.2559464303,3.1136503921
EOS,2019-10-09,3.2319236247,3.1613503559,3.3142750092,3.1142585167
EOS,2019-10-10,3.1237421758,3.2319146362,3.2582887705,3.0362873323
EOS,2019-10-11,3.0728706918,3.1237394663,3.2010223469,3.0331634986
EOS,2019-10-12,3.0873460353,3.0728523093,3.1463890176,3.04176966
EOS,2019-10-13,3.1180716495,3.0689393577,3.1373834233,3.0436177076
EOS,2019-10-14,3.1556506411,3.1180932395,3.1943284582,3.0962182075
EOS,2019-10-16,2.9196066773,2.9631674297,2.9859094871,2.852398553
EOS,2019-10-17,2.9540752605,2.9195844063,2.9648567573,2.8820606354
EOS,2019-10-18,2.8916934395,2.9540756234,2.956707264,2.7188289055
EOS,2019-10-19,2.8690542322,2.8816119887,2.9275894349,2.8350943159
EOS,2019-10-20,2.9277611238,2.86917036,2.9418331367,2.8224677721
EOS,2019-10-21,2.9219926467,2.9273469864,2.9748209141,2.8696051831
EOS,2019-10-22,2.9228975705,2.9219846524,3.0266520576,2.8907501721
EOS,2019-10-23,2.6728748018,2.894088241,2.9094728149,2.5342326852
EOS,2019-10-24,2.7522689184,2.6728548498,2.7817903191,2.6541693428
EOS,2019-10-25,3.1655068485,2.7253433377,3.3315181171,2.7207446805
EOS,2019-10-26,3.0981551007,3.1655678907,3.556503384,2.991083848
EOS,2019-10-27,3.3502575718,3.14338087,3.4941172864,3.0779644664
EOS,2019-10-28,3.3407906186,3.3502229421,3.5559634807,3.2577666247
EOS,2019-10-29,3.423394326,3.2879731551,3.4615473101,3.2805451861
EOS,2019-10-30,3.2884833383,3.422651919,3.4314186485,3.189028501
EOS,2019-10-31,3.2486938036,3.2883955464,3.3280121214,3.1727249494
EOS,2019-11-01,3.3439482906,3.248787267,3.3886195385,3.2052848237
EOS,2019-11-02,3.3216352257,3.3455603834,3.3813328281,3.296464819
EOS,2019-11-03,3.2805789715,3.3216546992,3.3426653951,3.1895309028
EOS,2019-11-04,3.4224538426,3.280505812,3.5025340861,3.2403105387
EOS,2019-11-05,3.611244421,3.4436316846,3.6888717025,3.4093205486
EOS,2019-11-06,3.5939306,3.6111598234,3.6757038678,3.5516224047
EOS,2019-11-07,3.4798057851,3.5938536219,3.6322062395,3.4234206009
EOS,2019-11-08,3.4249321704,3.4642592277,3.5492059897,3.3239597013
EOS,2019-11-09,3.4796758513,3.4250255147,3.4985885761,3.400669614
EOS,2019-11-10,3.6000034801,3.4795762075,3.6589502763,3.4491383678
EOS,2019-11-11,3.4467079531,3.5998142317,3.6027122407,3.4050232565
EOS,2019-11-12,3.4673889476,3.4467102925,3.5158604393,3.3845219222
EOS,2019-11-13,3.4493043536,3.4673204607,3.4881911297,3.4210569375
EOS,2019-11-14,3.3853970859,3.4748264028,3.4794873613,3.3401369542
EOS,2019-11-15,3.3548024547,3.3854065318,3.4973829461,3.2896536688
EOS,2019-11-16,3.3836306976,3.3548005097,3.4020673913,3.3166188601
EOS,2019-11-17,3.3978884599,3.3836307663,3.4436581371,3.3289853891
EOS,2019-11-18,3.1913790249,3.39596714,3.4005027777,3.0189680715
EOS,2019-11-19,3.1194027454,3.1913746342,3.1974515819,3.0199089226
EOS,2019-11-20,3.0756367638,3.1171085567,3.1489549123,3.0472547915
EOS,2019-11-21,2.8151260269,3.076059003,3.1145918676,2.7354201437
EOS,2019-11-22,2.6164810847,2.8174923612,2.8440591568,2.4582417212
EOS,2019-11-23,2.680036682,2.6167734252,2.7080230059,2.5657506856
EOS,2019-11-24,2.4916872775,2.680179184,2.6999095497,2.3649840031
EOS,2019-11-25,2.5697940862,2.4161706952,2.6195502026,2.3417190048
EOS,2019-11-26,2.6205527858,2.5704034526,2.6371529429,2.520478744
EOS,2019-11-27,2.6878647232,2.6206276803,2.7461024589,2.4893211072
EOS,2019-11-28,2.6141318359,2.6878178911,2.697388262,2.6071366689
EOS,2019-11-29,2.7873240528,2.6147712293,2.8315258386,2.5975616638
EOS,2019-11-30,2.7566310479,2.7959927483,2.8210785145,2.7171853368
EOS,2019-12-01,2.8015196525,2.7566454098,2.855399293,2.6643314133
EOS,2019-12-02,2.6929933502,2.8010535379,2.806861883,2.6474690345
EOS,2019-12-03,2.7122237302,2.6798824726,2.7419377492,2.6502500658
EOS,2019-12-04,2.6396452581,2.7122474445,2.7745580155,2.5648082708
EOS,2019-12-05,2.6810767087,2.639514427,2.7055022586,2.6198465797
EOS,2019-12-06,2.7267768867,2.6855644485,2.7462783708,2.6644821081
EOS,2019-12-07,2.7331509757,2.727362564,2.7597626118,2.71189723
EOS,2019-12-08,2.7584348204,2.7331582768,2.7858361306,2.697807561
EOS,2019-12-09,2.6463800582,2.758428944,2.760380737,2.6143020837
EOS,2019-12-10,2.6021641479,2.6463917605,2.6666268913,2.5750186131
EOS,2019-12-11,2.5756775892,2.6022068529,2.618123732,2.5420152712
EOS,2019-12-12,2.5801070711,2.5742156183,2.6160917573,2.5119985873
EOS,2019-12-13,2.6174167191,2.5808503283,2.6421045616,2.5684433411
EOS,2019-12-14,2.5768113049,2.6173579958,2.6302044666,2.5461204201
EOS,2019-12-15,2.5705493002,2.5768108135,2.5947515801,2.5388429933
EOS,2019-12-16,2.3696412553,2.5704998645,2.5713659194,2.2917853421
EOS,2019-12-17,2.1844893158,2.3697474693,2.3718803516,2.1499337018
EOS,2019-12-18,2.4916711412,2.1845350907,2.5202474604,2.1611796006
EOS,2019-12-19,2.4562073396,2.4624646295,2.4999184933,2.4003605542
EOS,2019-12-20,2.471129159,2.4562263465,2.5342045442,2.420491804
EOS,2019-12-21,2.4866690741,2.4711453719,2.5014869143,2.4411659004
EOS,2019-12-22,2.4942629541,2.4866644946,2.5184700587,2.4423003346
EOS,2019-12-23,2.4672321876,2.4942597488,2.5492796634,2.4469580705
EOS,2019-12-24,2.5507023549,2.4674128341,2.5532711639,2.4464084456
EOS,2019-12-25,2.4894127638,2.550639632,2.5572448568,2.4511511624
EOS,2019-12-26,2.5190823849,2.4893682467,2.6335359432,2.4498682031
EOS,2019-12-27,2.5713765408,2.5190737093,2.5866287426,2.5010035346
EOS,2019-12-28,2.639945536,2.5714015045,2.6633085785,2.5641803767
EOS,2019-12-29,2.691204106,2.6399435393,2.7141854101,2.6145857569
EOS,2019-12-30,2.6276031278,2.6864360735,2.7151005507,2.5986113709
EOS,2019-12-31,2.5842319662,2.6276683405,2.6454391732,2.5590393575
EOS,2020-01-01,2.5972548468,2.5842320574,2.6349344369,2.570135842
EOS,2020-01-02,2.4561255,2.5974026686,2.6037727513,2.4193251177
EOS,2020-01-03,2.6347002014,2.4562278534,2.6583363256,2.427065236
EOS,2020-01-04,2.6464827172,2.6346568043,2.658493042,2.616112304
EOS,2020-01-05,2.6835312238,2.6464167476,2.7716566056,2.6366427138
EOS,2020-01-06,2.8322055971,2.6843940457,2.8446006896,2.6782096058
EOS,2020-01-07,2.8268586148,2.8324834127,2.8888508233,2.7575904202
EOS,2020-01-08,2.7853321899,2.8285423623,2.9698007632,2.7135677312
EOS,2020-01-09,2.7472725513,2.7733406278,2.7977615279,2.6932744561
EOS,2020-01-10,2.928981226,2.7473530206,2.9809161526,2.6491518384
EOS,2020-01-11,3.0422914631,2.9845132736,3.1249642786,2.9349153041
EOS,2020-01-12,3.1835776688,3.0422554601,3.2138829961,2.9341021657
EOS,2020-01-13,3.1104264138,3.1838183908,3.2101988155,3.0632153505
EOS,2020-01-14,3.7493949975,3.1061216682,4.0625046483,3.1051073083
EOS,2020-01-15,3.8274759122,3.7523085584,3.9389888484,3.5661676591
EOS,2020-01-16,3.8273570301,3.8273917599,3.9422635767,3.5291669964
EOS,2020-01-17,3.9867438665,3.8273462624,4.0628941507,3.7383692524
EOS,2020-01-18,3.8470454843,3.9867753474,3.9988963921,3.7028944206
EOS,2020-01-19,3.5767085159,3.8478443556,3.935910554,3.425781358
EOS,2020-01-20,3.6398596248,3.5767631007,3.6965928006,3.4830435011
EOS,2020-01-21,3.6363306423,3.6397932889,3.6858365299,3.5489408545
EOS,2020-01-22,3.6232459558,3.63630397,3.7385930661,3.5820452676
EOS,2020-01-23,3.5512567154,3.6232342592,3.6477466748,3.4840319446
EOS,2020-01-24,3.6369881222,3.5622838301,3.6983247019,3.3496385712
EOS,2020-01-25,3.5507531577,3.6369758728,3.6527080179,3.4921909162
EOS,2020-01-26,3.6321436005,3.5508729356,3.659394344,3.4263977434
EOS,2020-01-27,3.9678171226,3.6321456081,4.0497640726,3.6287540372
EOS,2020-01-28,3.9818700013,3.9669634251,4.1211870476,3.875425929
EOS,2020-01-29,3.9982998562,3.981878912,4.1131490479,3.9606284146
EOS,2020-01-30,4.3801040909,3.9983218592,4.3832084214,3.884630828
EOS,2020-01-31,4.1452484907,4.3817845444,4.3911261632,4.0189249789
EOS,2020-02-01,4.1505000638,4.1451482717,4.2590190381,4.0658617916
EOS,2020-02-02,4.2224456798,4.149788711,4.3306159686,4.0425204969
EOS,2020-02-03,4.1826473099,4.2224421979,4.3741899846,4.1346141733
EOS,2020-02-04,4.2374736358,4.1990217249,4.2579059647,4.0594531733
EOS,2020-02-05,4.5024239444,4.2378379962,4.5852372656,4.1652399503
EOS,2020-02-06,4.5367638118,4.5255490683,4.6659748216,4.4441535495
EOS,2020-02-07,4.5811356937,4.5367514002,4.6902631571,4.5148258567
EOS,2020-02-08,4.7910049003,4.5811863251,4.8452958603,4.4301477479
EOS,2020-02-09,4.9817755601,4.7653393529,5.0446745124,4.7639288307
EOS,2020-02-10,4.8963882864,4.9817744806,5.0446456774,4.7401248818
EOS,2020-02-11,5.2809460821,4.8975736677,5.3194948726,4.7913189374
EOS,2020-02-12,5.3667702948,5.2810011952,5.4693342335,5.2245787687
EOS,2020-02-13,5.2845968049,5.3666457963,5.5059006351,5.1872914727
EOS,2020-02-14,5.3708760471,5.3616459589,5.5294080755,5.2345576823
EOS,2020-02-15,4.6863635379,5.3710952631,5.3997279541,4.5109878715
EOS,2020-02-16,4.3410756204,4.6860304185,4.859294163,4.039262057
EOS,2020-02-17,4.3241985175,4.3838862797,4.4209383497,4.0391467161
EOS,2020-02-18,4.6018258742,4.3249542038,4.659721109,4.2589932201
EOS,2020-02-19,3.9768149182,4.6022459592,4.6259290111,3.666600453
EOS,2020-02-20,4.0017380283,3.9775100425,4.0574289146,3.805415456
EOS,2020-02-21,4.0354081738,4.0016863929,4.1972569478,3.9569095713
EOS,2020-02-22,4.1046517875,4.05704298,4.1633257993,3.980159744
EOS,2020-02-23,4.3322110323,4.1046610028,4.3951316716,4.075940532
EOS,2020-02-24,4.0731372961,4.3322262951,4.411009621,3.9157190151
EOS,2020-02-25,4.1359959408,4.0730477004,4.2372540235,3.908408921
EOS,2020-02-26,3.556386542,4.1359740032,4.1432881521,3.3078597061
EOS,2020-02-27,3.6157967803,3.556278347,3.7335315323,3.3903337933
EOS,2020-02-28,3.5804083564,3.617127633,3.6816003755,3.3584825979
EOS,2020-02-29,3.554211054,3.5804774505,3.6618263294,3.5081242201
EOS,2020-03-01,3.5299491743,3.5544379453,3.6520713981,3.4211471525
EOS,2020-03-02,3.6861810236,3.5298737529,3.7601519833,3.4883248378
EOS,2020-03-03,3.6452614818,3.7176293717,3.7194853409,3.5544178762
EOS,2020-03-04,3.5903636693,3.6452726936,3.6741520027,3.528249382
EOS,2020-03-05,3.7389201124,3.5904059366,3.8444554121,3.5878992254
EOS,2020-03-06,3.8112159949,3.7703395341,3.8644018396,3.7225691947
EOS,2020-03-07,3.6789450608,3.811656272,3.8527331564,3.6278414122
EOS,2020-03-08,3.0769594962,3.6793844375,3.6801454375,3.0115490546
EOS,2020-03-09,3.0321235681,3.0777752111,3.1709601198,2.8500709512
EOS,2020-03-10,3.0998285758,3.0651370892,3.1547603231,3.0015621626
EOS,2020-03-11,3.083869781,3.1002096124,3.1163751527,2.8469339967
EOS,2020-03-12,2.1679692598,3.0857428569,3.0957103709,1.9484628542
EOS,2020-03-13,2.1388174211,2.1677842094,2.2466025831,1.405783783
EOS,2020-03-14,1.9816788215,2.1388503741,2.1884426353,1.9588623613
EOS,2020-03-15,2.0403228836,1.9808083986,2.2557339207,1.9381137273
EOS,2020-03-16,1.8558981411,2.0389374155,2.0654376833,1.7199825359
EOS,2020-03-17,2.0017240517,1.8558860708,2.0420754928,1.8531907356
EOS,2020-03-18,1.9818020001,2.0016490838,2.0148135457,1.8840485818
EOS,2020-03-19,2.3660262465,1.9817955417,2.4044316802,1.9754606465
EOS,2020-03-20,2.1694528501,2.3665094665,2.5298657196,1.9154904473
EOS,2020-03-21,2.2723732951,2.1689249478,2.3642751379,2.1124166282
EOS,2020-03-22,2.1574029346,2.2727457171,2.398163705,2.1185604135
EOS,2020-03-23,2.28523863,2.1354920093,2.3431937857,2.0684625862
EOS,2020-03-24,2.3594841509,2.2852275757,2.386565569,2.2726187024
EOS,2020-03-25,2.3026493655,2.3595202977,2.3760828559,2.2398021781
EOS,2020-03-26,2.3023325465,2.3015586201,2.3484117639,2.269396666
EOS,2020-03-27,2.3107829421,2.3023688362,2.3748810032,2.2849142827
EOS,2020-03-28,2.2122099599,2.3106638972,2.3169296785,2.0952684519
EOS,2020-03-29,2.1305842684,2.2122413263,2.2191347897,2.1035653015
EOS,2020-03-30,2.2541432186,2.1146051195,2.2843849275,2.1101913017
EOS,2020-03-31,2.2258936753,2.253635087,2.2602762011,2.1914570461
EOS,2020-04-01,2.2347583655,2.2270258514,2.2550422856,2.1471888921
EOS,2020-04-02,2.3175054576,2.2345712308,2.5020661789,2.2274381049
EOS,2020-04-03,2.3401797791,2.2919022632,2.3863447446,2.2718530337
EOS,2020-04-04,2.3550420144,2.3399654125,2.4075144408,2.2880134423
EOS,2020-04-05,2.3590740773,2.3614484863,2.3944440376,2.3184713657
EOS,2020-04-06,2.732870701,2.3593465832,2.7607893178,2.3527259554
EOS,2020-04-07,2.6373231487,2.7326717314,2.8286300637,2.5563105447
EOS,2020-04-08,2.7666775858,2.6381992096,2.7938566133,2.58699575
EOS,2020-04-09,2.7501440106,2.7665545719,2.7667174887,2.6857845504
EOS,2020-04-10,2.4928007711,2.7501360988,2.7514109009,2.4186571593
EOS,2020-04-11,2.5027922044,2.4955153932,2.5494495306,2.426290596
EOS,2020-04-12,2.545516191,2.5027844566,2.5974987161,2.4605194935
EOS,2020-04-13,2.4606656257,2.545516191,2.5529468695,2.3479673488
EOS,2020-04-14,2.4776800727,2.4606517788,2.5091616509,2.4190649198
EOS,2020-04-15,2.4322842263,2.4781018716,2.5041463349,2.3962545977
EOS,2020-04-16,2.708375004,2.4042362976,2.7156002332,2.3369566045
EOS,2020-04-17,2.6264145717,2.7089231012,2.7211208118,2.5856664515
EOS,2020-04-18,2.7456887185,2.6264068484,2.7687485984,2.6167363244
EOS,2020-04-19,2.6398795671,2.745068293,2.7520906132,2.543255326
EOS,2020-04-20,2.5319323134,2.6405857705,2.704614357,2.4409819187
EOS,2020-04-21,2.548657695,2.531930514,2.5717290553,2.48544403
EOS,2020-04-22,2.6176386467,2.5486558339,2.6572113634,2.5105792819
EOS,2020-04-23,2.7044584772,2.6176408536,2.7586736334,2.579472865
EOS,2020-04-24,2.695146505,2.681408615,2.7383567427,2.6646777711
EOS,2020-04-25,2.7105435554,2.6946371787,2.8001467574,2.6634048414
EOS,2020-04-26,2.7114268185,2.7104262956,2.7839043516,2.6769179471
EOS,2020-04-27,2.7363290635,2.7114369703,2.8199014123,2.6863158523
EOS,2020-04-28,2.7501649756,2.747975736,2.7543678186,2.6932364774
EOS,2020-04-29,2.9959990744,2.7507789148,3.0940296768,2.7459500508
EOS,2020-04-30,2.876871188,2.9960635822,3.1202867365,2.7556354425
EOS,2020-05-01,2.8705179578,2.877151582,2.9337649746,2.8173239114
EOS,2020-05-02,2.9421342989,2.8705401932,2.9505561887,2.8585873335
EOS,2020-05-03,2.8358892508,2.94926035,3.01709219,2.7779413339
EOS,2020-05-04,2.7777679307,2.8350282369,2.8474172462,2.6358671119
EOS,2020-05-05,2.7660145969,2.777789931,2.8298474557,2.7193151244
EOS,2020-05-06,2.7688145971,2.7728738773,2.8240468631,2.7394584964
EOS,2020-05-07,2.7651746585,2.7687485642,2.7949078845,2.5981003375
EOS,2020-05-08,2.7798909143,2.7656399173,2.8257390696,2.7027887605
EOS,2020-05-09,2.7589503294,2.7797866669,2.8370033408,2.7418911546
EOS,2020-05-10,2.4502834315,2.7587265227,2.7758155248,2.3001640483
EOS,2020-05-11,2.3988744344,2.4447575881,2.4963095086,2.2778268403
EOS,2020-05-12,2.4437042769,2.3987967842,2.4702962734,2.3860287639
EOS,2020-05-13,2.5272398542,2.4429777134,2.5615905012,2.4253228777
EOS,2020-05-14,2.6332704878,2.5272286732,2.6502820328,2.4728462766
EOS,2020-05-15,2.6073492635,2.6239890893,2.6601010991,2.5345550312
EOS,2020-05-16,2.640172698,2.6073579017,2.6808413368,2.5683899771
EOS,2020-05-17,2.6379250174,2.640104385,2.6712224702,2.6189998122
EOS,2020-05-18,2.6498486985,2.6187013555,2.7422129288,2.6129566146
EOS,2020-05-19,2.6427506285,2.6494658206,2.6665282836,2.5721760901
EOS,2020-05-20,2.5996493114,2.6433979372,2.6756992011,2.5229524651
EOS,2020-05-21,2.4794348873,2.5996074995,2.6149725885,2.4043761532
EOS,2020-05-22,2.6011575872,2.47942268,2.6350271407,2.4404530103
EOS,2020-05-23,2.5763838932,2.6013470768,2.6223539743,2.5457542642
EOS,2020-05-24,2.5559812065,2.5763350365,2.6108257064,2.5029689142
EOS,2020-05-25,2.5230524452,2.5559782608,2.5596704253,2.4476585878
EOS,2020-05-26,2.5037981234,2.5230474851,2.5361127627,2.458608379
EOS,2020-05-27,2.5541593812,2.5037981234,2.5751614496,2.4960718117
EOS,2020-05-28,2.5926963963,2.5541454257,2.5967636584,2.3940877513
EOS,2020-05-29,2.6104079548,2.5927024184,2.667615857,2.5897470715
EOS,2020-05-30,2.7648928496,2.6104336312,2.7648928496,2.5984064684
EOS,2020-05-31,2.6943823314,2.7650352499,2.7759280381,2.6816056553
EOS,2020-06-01,2.7285996612,2.6943822549,2.7321301582,2.6483090263
EOS,2020-06-02,2.677338633,2.7293996723,2.8923344706,2.5919918556
EOS,2020-06-03,2.6934843888,2.6773790858,2.7033749474,2.6344800761
EOS,2020-06-04,2.7306833025,2.6934843818,2.7481068417,2.6652002217
